state,pi
state_1,1.0
state_2,2.1508542412994087e-18
state_3,7.516812945755672e-39
